order_id,order_date,customer_email,amount,country
O20000,2026-07-15,brittanyanderson@example.net,478.19,PY
O20001,2026-07-13,jacobsregina@example.com,504.32,IL
O20002,2026-07-10,jameslove@example.net,380.69,SY
O20003,2026-07-11,jsanders@example.org,381.51,ZW
O20004,2026-07-11,mirandamills@example.net,690.21,AL
O20005,2026-07-12,mooresusan@example.org,318.05,KI
O20006,2026-07-15,colonjoseph@example.net,609.0,WS
O20007,2026-07-16,bklein@example.com,660.62,ZA
O20008,2026-07-13,imaynard@example.com,574.16,BY
O20009,2026-07-10,taylorjay@example.net,465.76,NZ
O20010,2026-07-14,robert69@example.com,86.99,SN
O20011,2026-07-11,vsilva@example.net,354.57,AT
O20012,2026-07-12,vickie25@example.net,668.45,TO
O20013,2026-07-13,reevesjason@example.net,471.56,IQ
O20014,2026-07-16,david77@example.org,686.56,LY
O20015,2026-07-15,jenkinsedward@example.com,561.91,NP
O20016,2026-07-12,csalas@example.net,459.59,VE
O20017,2026-07-10,graybrenda@example.net,790.58,IT
O20018,2026-07-13,yolandacollins@example.org,684.61,CD
O20019,2026-07-10,rushteresa@example.com,62.62,VA
O20020,2026-07-13,eric05@example.com,617.35,ML
O20021,2026-07-12,peggygray@example.com,611.69,SK
O20022,2026-07-12,mschneider@example.net,705.92,TJ
O20023,2026-07-16,olivershelia@example.net,254.64,IR
O20024,2026-07-16,twalters@example.org,759.63,KI
O20025,2026-07-14,hlevine@example.com,133.4,SY
O20026,2026-07-14,alexander69@example.com,294.56,AO
O20027,2026-07-13,ogilbert@example.org,373.72,BH
O20028,2026-07-12,steven59@example.net,547.97,IT
O20029,2026-07-10,djohnson@example.net,410.55,AO
O20030,2026-07-15,john74@example.net,749.78,US
O20031,2026-07-14,gregory25@example.com,443.26,UG
O20032,2026-07-12,kevin61@example.org,258.75,TN
O20033,2026-07-15,kylewalker@example.com,57.46,GY
O20034,2026-07-11,jacob61@example.org,734.7,US
O20035,2026-07-13,stacy37@example.org,27.52,BR
O20036,2026-07-14,judy39@example.com,208.39,IR
O20037,2026-07-14,kristinjohnson@example.org,150.16,KW
O20038,2026-07-10,michellepeterson@example.net,480.54,BS
O20039,2026-07-10,bridget64@example.net,652.31,IR
O20040,2026-07-15,areed@example.com,254.91,NL
O20041,2026-07-15,ajohnson@example.org,268.95,FR
O20042,2026-07-16,woodsmarissa@example.net,90.45,SE
O20043,2026-07-10,thansen@example.org,187.32,AU
O20044,2026-07-16,qcopeland@example.net,276.0,SI
O20045,2026-07-13,amy31@example.net,223.77,JO
O20046,2026-07-15,patrickbrandon@example.net,258.96,SG
O20047,2026-07-10,peggyyoder@example.net,230.09,BE
O20048,2026-07-10,castillodavid@example.net,499.27,KG
O20049,2026-07-12,elizabethwarren@example.com,637.15,BF
O20050,2026-07-13,petersonjohnny@example.net,239.42,QA
O20051,2026-07-13,belljames@example.net,-5.0,CL
O20052,2026-07-12,johnhill@example.org,789.66,AF
O20053,2026-07-11,zfuller@example.org,185.45,TW
O20054,2026-07-11,john98@example.net,600.93,NO
O20055,2026-07-15,kennedykimberly@example.org,690.61,BG
O20056,2026-07-16,brandonwilliams@example.com,650.05,AU
O20057,2026-07-11,robertsontracy@example.org,414.72,KW
O20058,2026-07-13,belldeborah@example.net,465.79,KI
O20059,2026-07-15,joseph56@example.org,407.52,CN
O20060,2026-07-12,baldwinomar@example.org,336.86,TN
O20061,2026-07-14,bradleymurray@example.net,109.07,SR
O20062,2026-07-10,cfields@example.net,628.04,NR
O20063,2026-07-12,watsontyler@example.net,711.23,KW
O20064,2026-07-14,aclements@example.com,738.2,AM
O20065,2026-07-16,jefferynelson@example.net,395.13,BN
O20066,2026-07-10,iwalker@example.org,224.4,LR
O20067,2026-07-13,tanya84@example.org,50.27,PL
O20068,2026-07-10,crosbyjessica@example.net,53.32,MT
O20069,2026-07-16,grossanne@example.org,391.42,TZ
O20070,2026-07-12,wellsjoel@example.com,406.67,BD
O20071,2026-07-14,elliottdonna@example.com,314.78,EE
O20072,2026-07-14,petersonmelissa@example.org,160.95,CI
O20073,2026-07-12,shuff@example.net,12.76,KG
O20074,2026-07-12,johnsonkatrina@example.net,151.06,SM
O20075,2026-07-10,danielcurry@example.net,437.65,BH
O20076,2026-07-13,molly21@example.org,51.92,EG
O20077,2026-07-14,shawngraves@example.com,342.21,ID
O20078,2026-07-15,carol58@example.com,182.73,BS
O20079,2026-07-10,amason@example.net,345.66,DK
O20080,2026-07-14,wvazquez@example.net,305.65,GQ
O20081,2026-07-14,zmoore@example.org,105.95,DK
O20082,2026-07-11,jimeneztimothy@example.net,533.21,SI
O20083,2026-07-11,lwillis@example.org,95.82,IQ
O20084,2026-07-10,dwaynerobertson@example.org,-5.0,FM
O20085,2026-07-10,emily69@example.net,317.05,TV
O20086,2026-07-11,pamela40@example.com,705.57,QA
O20087,2026-07-10,kgonzalez@example.com,683.32,GY
O20088,2026-07-13,timothy26@example.net,670.58,QA
O20089,2026-07-10,taylordavenport@example.net,80.14,TH
O20090,2026-07-12,olsonjennifer@example.com,574.97,ES
O20091,2026-07-12,mcdonaldjerome@example.org,58.3,KH
O20092,2026-07-10,benjaminmelissa@example.org,71.1,ET
O20093,2026-07-13,derrick90@example.com,496.62,DO
O20094,2026-07-14,edwardsrodney@example.net,483.57,BS
O20095,2026-07-16,davismary@example.com,306.51,AZ
O20096,2026-07-10,shaun50@example.org,600.45,LT
O20097,2026-07-10,ryan71@example.org,468.06,BA
O20098,2026-07-15,imyers@example.com,517.93,CL
O20099,2026-07-16,charles61@example.com,403.39,SM
O20100,2026-07-13,collin55@example.com,473.31,KE
O20101,2026-07-10,daniel59@example.net,167.35,SL
O20102,2026-07-15,estradawilliam@example.org,682.68,VC
O20103,2026-07-11,erika92@example.net,567.21,KH
O20104,2026-07-12,haroldwu@example.net,787.17,PH
O20105,2026-07-14,rodriguezanita@example.com,388.8,KH
O20106,2026-07-14,ppeters@example.org,198.67,PK
O20107,2026-07-13,ledwards@example.net,793.06,BJ
O20108,2026-07-13,baldwinkaren@example.net,468.61,TR
O20109,2026-07-16,rhoward@example.com,390.23,MV
O20110,2026-07-13,brennanbobby@example.net,628.66,IR
O20111,2026-07-15,heatherrobertson@example.com,713.88,NA
O20112,2026-07-16,xweaver@example.org,767.38,MH
O20113,2026-07-15,hbradford@example.org,622.88,IR
O20114,2026-07-11,maldonadoanne@example.net,688.29,CG
O20115,2026-07-10,helenbradley@example.net,45.57,CH
O20116,2026-07-10,vcabrera@example.org,77.88,UA
O20117,2026-07-14,micheleyates@example.net,38.54,SM
O20118,2026-07-14,ashleyharris@example.com,15.44,MN
O20119,2026-07-13,anthony76@example.com,71.59,KW
O20120,2026-07-13,cynthia84@example.net,318.83,RO
O20121,2026-07-14,guzmanjessica@example.org,70.23,CD
O20122,2026-07-12,travismills@example.com,727.92,FJ
O20123,2026-07-14,kimberlylewis@example.net,545.96,KH
O20124,2026-07-11,srodriguez@example.net,543.95,DE
O20125,2026-07-14,tannerdavis@example.org,94.66,AR
O20126,2026-07-12,christine81@example.com,433.57,SO
O20127,2026-07-14,spearsmarcus@example.com,57.02,MD
O20128,2026-07-11,christophercombs@example.org,153.76,VC
O20129,2026-07-15,singhmatthew@example.org,302.92,BI
O20130,2026-07-16,samuelsherman@example.com,746.16,KW
O20131,2026-07-11,buchananricky@example.org,523.18,MA
O20132,2026-07-15,peterkennedy@example.org,371.59,SO
O20133,2026-07-16,fclark@example.com,94.86,AO
O20134,2026-07-12,sellis@example.com,594.31,OM
O20135,2026-07-13,stanleyjohnson@example.com,52.24,MM
O20136,2026-07-14,seth59@example.com,205.29,GR
O20137,2026-07-14,brockjonathan@example.com,756.58,CV
O20138,2026-07-16,kferguson@example.org,288.78,AO
O20139,2026-07-14,brendagordon@example.net,476.19,AT
O20140,2026-07-11,danieljackson@example.com,98.55,ER
O20141,2026-07-11,skinnerrichard@example.com,597.22,NE
O20142,2026-07-12,warnerbrent@example.com,490.24,BB
O20143,2026-07-12,osnyder@example.org,426.8,BY
O20144,2026-07-14,kwells@example.com,301.98,VU
O20145,2026-07-13,reeddavid@example.org,714.05,ZA
O20146,2026-07-12,joshua74@example.com,725.87,HU
O20147,2026-07-12,anthony55@example.com,552.44,BW
O20148,2026-07-13,flemingtanya@example.net,33.84,VN
O20149,2026-07-16,garciaerin@example.org,618.66,DO
O20150,2026-07-12,olsonjaime@example.net,503.77,LS
O20151,2026-07-15,racheltodd@example.com,39.28,QA
O20152,2026-07-13,shelby06@example.com,98.14,GB
O20153,2026-07-15,smiller@example.org,117.11,NG
O20154,2026-07-16,romeroamy@example.net,30.16,KZ
O20155,2026-07-13,vthompson@example.net,435.72,MV
O20156,2026-07-10,sandra56@example.com,281.6,GT
O20157,2026-07-10,echan@example.com,484.89,IQ
O20158,2026-07-11,williammullins@example.net,795.37,MC
O20159,2026-07-16,cherring@example.org,690.55,DO
O20160,2026-07-13,carsonchristopher@example.net,259.49,GD
O20161,2026-07-10,florescaroline@example.net,168.24,BG
O20162,2026-07-11,colepenny@example.net,63.71,KH
O20163,2026-07-13,wendy01@example.org,250.67,MZ
O20164,2026-07-13,morganlarry@example.com,356.31,BR
O20165,2026-07-14,johnwilliams@example.org,299.88,KH
O20166,2026-07-12,brendasmith@example.org,327.43,JO
O20167,2026-07-14,jeffreyhart@example.com,628.71,SD
O20168,2026-07-15,kristina83@example.com,135.68,EE
O20169,2026-07-12,williamslinda@example.net,142.94,AR
O20170,2026-07-15,gonzalezpatricia@example.org,359.77,CD
O20171,2026-07-13,rross@example.net,363.94,CD
O20172,2026-07-16,sjuarez@example.com,199.0,NA
O20173,2026-07-15,sstrickland@example.net,200.83,PA
O20174,2026-07-14,iharris@example.org,501.74,PL
O20175,2026-07-16,jessica15@example.com,647.89,FI
O20176,2026-07-13,jmolina@example.net,633.52,LK
O20177,2026-07-12,roberto19@example.net,219.99,GH
O20178,2026-07-14,michaelforbes@example.com,260.46,GW
O20179,2026-07-16,qgonzales@example.org,-5.0,LI
O20180,2026-07-16,karaclark@example.org,25.07,LK
O20181,2026-07-15,ivelazquez@example.com,526.91,MN
O20182,2026-07-10,rebeccaherring@example.com,386.73,NE
O20183,2026-07-11,cosborn@example.com,37.03,AM
O20184,2026-07-13,patriciajohnson@example.org,79.35,KE
O20185,2026-07-16,fowlerbilly@example.net,410.91,GE
O20186,2026-07-10,travis05@example.com,743.53,SZ
O20187,2026-07-11,juliemitchell@example.org,314.83,PA
O20188,2026-07-15,rebekah71@example.org,296.63,DE
O20189,2026-07-10,sfarmer@example.com,565.16,MT
O20190,2026-07-12,sherri64@example.com,579.3,PY
O20191,2026-07-13,michaelfarrell@example.com,760.07,AT
O20192,2026-07-10,wbrooks@example.com,28.13,AE
O20193,2026-07-11,sarahstone@example.org,531.87,CO
O20194,2026-07-10,amandamartin@example.org,517.48,AD
O20195,2026-07-13,tonyamcguire@example.com,378.49,ML
O20196,2026-07-14,henryjohn@example.com,11.32,NR
O20197,2026-07-16,mary98@example.org,277.39,PG
O20198,2026-07-10,jose76@example.net,522.82,IL
O20199,2026-07-15,bradley60@example.net,749.0,GQ
O20200,2026-07-16,ritastokes@example.org,191.64,CR
O20201,2026-07-12,vhicks@example.net,417.3,CR
O20202,2026-07-14,allen00@example.com,633.03,BA
O20203,2026-07-15,princerebecca@example.com,501.69,SK
O20204,2026-07-12,owatson@example.org,28.96,KE
O20205,2026-07-14,charlestaylor@example.net,77.76,CA
O20206,2026-07-10,cschroeder@example.com,547.71,IT
O20207,2026-07-11,shaun82@example.net,698.64,KW
O20208,2026-07-13,alejandrajenkins@example.org,624.47,PK
O20209,2026-07-13,anthony99@example.net,653.69,CI
O20210,2026-07-13,ymartinez@example.net,246.43,GB
O20211,2026-07-15,curtis15@example.org,392.79,SG
O20212,2026-07-11,phuang@example.com,298.07,FI
O20213,2026-07-12,samantha26@example.com,179.19,KW
O20214,2026-07-14,nelsonstephanie@example.com,196.55,LB
O20215,2026-07-14,cpeters@example.org,140.57,NI
O20216,2026-07-10,robert17@example.org,701.64,FR
O20217,2026-07-11,wolfedarin@example.net,433.22,CM
O20218,2026-07-12,mcmahonterri@example.net,760.19,BJ
O20219,2026-07-13,eadams@example.com,380.82,IQ
O20220,2026-07-16,amy02@example.org,155.82,RU
O20221,2026-07-14,douglaswhitehead@example.org,407.78,FM
O20222,2026-07-15,pcraig@example.org,598.7,CV
O20223,2026-07-14,wbrown@example.net,379.87,EE
O20224,2026-07-15,jake22@example.org,91.66,SL
O20225,2026-07-16,amandareyes@example.org,172.43,NR
O20226,2026-07-14,bwhite@example.com,781.36,CA
O20227,2026-07-14,darinphillips@example.com,754.82,MH
O20228,2026-07-13,michaeladrian@example.com,425.49,CV
O20229,2026-07-10,wsanchez@example.net,237.84,RU
O20230,2026-07-14,warnerlawrence@example.org,647.64,SZ
O20231,2026-07-10,alyssa79@example.com,420.46,PL
O20232,2026-07-15,scott87@example.com,433.31,FR
O20233,2026-07-15,sarah24@example.org,787.1,LB
O20234,2026-07-10,mary20@example.net,296.63,BG
O20235,2026-07-15,lmendez@example.org,20.42,TO
O20236,2026-07-16,mooredavid@example.com,486.75,TN
O20237,2026-07-14,alicia41@example.com,205.31,SR
O20238,2026-07-14,lnguyen@example.net,278.23,GM
O20239,2026-07-11,stephen95@example.net,140.82,LB
O20240,2026-07-15,jacqueline55@example.com,597.49,KG
O20241,2026-07-10,ian98@example.org,666.49,ES
O20242,2026-07-15,jessica34@example.com,45.84,IQ
O20243,2026-07-10,vanderson@example.net,725.87,EE
O20244,2026-07-10,dvang@example.org,653.07,NI
O20245,2026-07-12,npierce@example.com,509.4,BH
O20246,2026-07-15,melissacruz@example.org,793.77,MM
O20247,2026-07-14,briansnyder@example.org,360.85,NR
O20248,2026-07-14,xdawson@example.org,767.82,KG
O20249,2026-07-12,william67@example.com,39.83,CF
O20250,2026-07-13,silvadustin@example.org,745.75,AD
O20251,2026-07-12,caleb02@example.org,482.21,GE
O20252,2026-07-10,ryan30@example.org,570.42,SO
O20253,2026-07-11,amanda53@example.com,69.92,LU
O20254,2026-07-10,hickssarah@example.org,768.65,PY
O20255,2026-07-14,pamelamitchell@example.org,153.09,CL
O20256,2026-07-14,carolmiller@example.org,48.95,MG
O20257,2026-07-14,lsmith@example.com,260.74,IS
O20258,2026-07-15,paulhunt@example.com,339.72,TZ
O20259,2026-07-13,ryan11@example.org,191.5,PA
O20260,2026-07-12,cameron05@example.com,100.96,NO
O20261,2026-07-10,serranomartin@example.com,-5.0,TV
O20262,2026-07-11,nicoleharris@example.com,64.81,BT
O20263,2026-07-14,davidsonanthony@example.net,238.63,SL
O20264,2026-07-13,audreymiller@example.org,766.48,PW
O20265,2026-07-15,dmitchell@example.net,555.11,SM
O20266,2026-07-16,jamesevans@example.net,122.35,CR
O20267,2026-07-15,christine55@example.net,255.68,WS
O20268,2026-07-15,sergiogriffith@example.com,48.55,ZM
O20269,2026-07-13,trevornash@example.org,625.24,CA
O20270,2026-07-16,gwilson@example.com,231.81,GH
O20271,2026-07-15,jacob05@example.com,313.03,HU
O20272,2026-07-15,rbeard@example.net,15.87,BG
O20273,2026-07-13,richardprice@example.org,204.3,JM
O20274,2026-07-13,michael05@example.net,92.01,CG
O20275,2026-07-11,jeffreyramos@example.net,282.84,DO
O20276,2026-07-12,timothyclark@example.net,331.85,MM
O20277,2026-07-15,gregorypotter@example.com,432.2,US
O20278,2026-07-12,oharper@example.com,243.51,PA
O20279,2026-07-14,brian87@example.com,771.13,AM
O20280,2026-07-14,josephroach@example.net,673.56,SA
O20281,2026-07-16,paulmason@example.com,333.34,LY
O20282,2026-07-16,ecowan@example.org,134.79,CI
O20283,2026-07-12,umorgan@example.org,551.52,TV
O20284,2026-07-16,daniel82@example.com,376.1,QA
O20285,2026-07-12,michellegriffin@example.com,484.3,BB
O20286,2026-07-14,madison39@example.org,513.01,ME
O20287,2026-07-10,breanna48@example.com,784.59,NG
O20288,2026-07-10,sandra68@example.net,279.66,MG
O20289,2026-07-15,kmendoza@example.org,107.31,HU
O20290,2026-07-14,heidi96@example.net,585.79,CG
O20291,2026-07-14,angela57@example.org,367.79,SR
O20292,2026-07-10,amarshall@example.net,148.95,TR
O20293,2026-07-12,daniel09@example.com,50.74,ME
O20294,2026-07-12,gabrielwade@example.org,624.15,BZ
O20295,2026-07-13,leblancmiranda@example.net,176.87,KW
O20296,2026-07-16,ehill@example.com,443.48,LA
O20297,2026-07-10,jerry41@example.org,317.77,CG
O20298,2026-07-14,jwatson@example.com,409.21,MN
O20299,2026-07-11,josephdeleon@example.org,551.43,TL
O20300,2026-07-14,johngreen@example.com,183.73,ES
O20301,2026-07-15,rebecca12@example.org,709.3,GR
O20302,2026-07-15,hcook@example.com,33.3,CV
O20303,2026-07-12,bradhenry@example.net,361.11,CR
O20304,2026-07-10,rachel76@example.net,731.31,TM
O20305,2026-07-16,bspence@example.com,412.49,KE
O20306,2026-07-15,brenda62@example.org,713.34,AU
O20307,2026-07-10,ryansmith@example.org,147.2,SD
O20308,2026-07-10,melanieluna@example.com,-5.0,IE
O20309,2026-07-15,fulleranne@example.com,383.4,FR
O20310,2026-07-11,mooretina@example.net,351.56,BN
O20311,2026-07-13,spatterson@example.org,236.68,CI
O20312,2026-07-16,elizabeth92@example.com,60.85,CU
O20313,2026-07-14,webernicole@example.org,-5.0,BY
O20314,2026-07-13,wolfecristina@example.net,508.77,MX
O20315,2026-07-11,qtran@example.net,340.82,PA
O20316,2026-07-15,gregory01@example.com,522.26,KZ
O20317,2026-07-12,cjackson@example.com,30.98,SI
O20318,2026-07-12,mary51@example.org,664.93,GH
O20319,2026-07-10,ismith@example.com,687.32,TL
O20320,2026-07-13,courtney77@example.org,532.54,AF
O20321,2026-07-14,jason26@example.com,280.76,BY
O20322,2026-07-14,kstewart@example.org,499.77,ST
O20323,2026-07-12,kellyjohnson@example.org,687.46,TZ
O20324,2026-07-16,jeffrey79@example.net,579.85,IN
O20325,2026-07-13,vbates@example.org,698.39,SK
O20326,2026-07-13,zwalsh@example.org,104.59,EE
O20327,2026-07-15,gporter@example.com,259.17,TT
O20328,2026-07-15,samuelmartinez@example.net,313.62,DO
O20329,2026-07-16,michaelkidd@example.org,197.05,BN
O20330,2026-07-14,zjones@example.org,208.06,SZ
O20331,2026-07-14,bsmith@example.com,588.47,VU
O20332,2026-07-15,brownwilliam@example.com,456.22,AL
O20333,2026-07-15,cooperkenneth@example.com,650.53,RW
O20334,2026-07-11,kimberly24@example.net,603.33,TM
O20335,2026-07-12,sullivandebra@example.org,150.02,KZ
O20336,2026-07-16,johnmoore@example.com,631.49,SM
O20337,2026-07-12,crystalmiller@example.net,149.41,KI
O20338,2026-07-13,simpsonmichael@example.com,185.29,BS
O20339,2026-07-14,vestrada@example.net,330.86,MX
O20340,2026-07-16,mmarshall@example.org,576.34,LI
O20341,2026-07-12,timothy47@example.net,263.86,IE
O20342,2026-07-14,michaelsantos@example.net,387.46,QA
O20343,2026-07-13,mwoods@example.net,306.11,LU
O20344,2026-07-11,alvaradowhitney@example.org,170.46,VA
O20345,2026-07-12,lallen@example.com,478.38,BZ
O20346,2026-07-14,robinchavez@example.com,437.76,NL
O20347,2026-07-11,nicholas05@example.net,524.43,GB
O20348,2026-07-12,ucox@example.com,590.74,IR
O20349,2026-07-12,devinkoch@example.net,153.37,AT
O20350,2026-07-10,gluna@example.net,314.57,MZ
O20351,2026-07-14,gwoods@example.net,733.0,TH
O20352,2026-07-13,esalazar@example.com,165.01,BG
O20353,2026-07-16,robynlee@example.net,581.85,LC
O20354,2026-07-15,pettydevin@example.net,409.03,CI
O20355,2026-07-12,garciajason@example.com,102.66,SY
O20356,2026-07-14,rebeccagraham@example.org,323.87,DJ
O20357,2026-07-14,hannahsims@example.com,192.06,KW
O20358,2026-07-16,bpalmer@example.com,386.62,SY
O20359,2026-07-11,garzamatthew@example.net,157.01,MV
O20360,2026-07-15,theresacampbell@example.org,536.88,GA
O20361,2026-07-14,osanchez@example.com,589.42,GT
O20362,2026-07-11,cookkevin@example.org,116.98,SR
O20363,2026-07-14,annsanders@example.net,779.79,BA
O20364,2026-07-15,lisa32@example.com,43.68,TV
O20365,2026-07-15,moodymaurice@example.com,304.18,DE
O20366,2026-07-12,tanya38@example.org,456.94,PH
O20367,2026-07-13,iking@example.com,213.39,IN
O20368,2026-07-13,maria83@example.com,131.52,GA
O20369,2026-07-16,michael11@example.com,176.97,MZ
O20370,2026-07-15,laura93@example.com,679.79,AE
O20371,2026-07-16,franklindavid@example.org,506.31,LB
O20372,2026-07-14,caroline35@example.org,170.11,CI
O20373,2026-07-11,catherine16@example.com,68.3,TH
O20374,2026-07-16,andrew77@example.org,439.8,RO
O20375,2026-07-15,martinezgeorge@example.com,214.68,IT
O20376,2026-07-11,mabbott@example.com,-5.0,MT
O20377,2026-07-10,xward@example.net,419.66,AG
O20378,2026-07-11,timothy78@example.com,492.8,AG
O20379,2026-07-16,tjones@example.org,65.27,HT
O20380,2026-07-16,kellerglenn@example.net,35.81,IL
O20381,2026-07-14,christian80@example.org,90.27,LT
O20382,2026-07-10,pettybrian@example.com,433.13,DM
O20383,2026-07-11,davidsonwayne@example.com,187.42,CH
O20384,2026-07-14,dflynn@example.net,179.76,NZ
O20385,2026-07-13,rodriguezkathryn@example.net,259.43,BS
O20386,2026-07-12,mariaramirez@example.net,202.57,LT
O20387,2026-07-12,lloydbrandon@example.com,277.81,AZ
O20388,2026-07-14,dixonsharon@example.org,515.69,LR
O20389,2026-07-11,nmanning@example.com,175.21,LI
O20390,2026-07-10,heathjacqueline@example.net,59.71,AL
O20391,2026-07-16,karengraham@example.net,234.45,MG
O20392,2026-07-15,astone@example.net,356.53,PW
O20393,2026-07-15,christinerocha@example.com,188.49,ZM
O20394,2026-07-16,christian28@example.com,404.6,OM
O20395,2026-07-10,sallen@example.net,337.21,LB
O20396,2026-07-16,matthew24@example.com,55.98,BN
O20397,2026-07-16,sarahblair@example.net,47.87,PH
O20398,2026-07-13,gsheppard@example.com,398.22,GM
O20399,2026-07-14,garrettadrian@example.net,504.32,MM
O20400,2026-07-16,pvalentine@example.net,99.8,PK
O20401,2026-07-15,christina78@example.net,598.4,CH
O20402,2026-07-12,vwaters@example.org,119.73,KG
O20403,2026-07-14,allisoncharles@example.com,,PA
O20404,2026-07-16,mdawson@example.com,296.22,LC
O20405,2026-07-11,susanmeadows@example.com,571.64,AD
O20406,2026-07-13,sharonweber@example.org,281.26,PH
O20407,2026-07-13,robertsdonna@example.net,593.07,SV
O20408,2026-07-14,smithscott@example.com,172.41,US
O20409,2026-07-13,gainesdana@example.com,765.89,EE
O20410,2026-07-14,frichards@example.com,484.0,SI
O20411,2026-07-16,ecooper@example.org,492.77,TG
O20412,2026-07-16,coxamanda@example.com,526.75,AF
O20413,2026-07-13,benjaminmoore@example.org,708.13,DO
O20414,2026-07-13,beverly37@example.net,657.02,SE
O20415,2026-07-13,smithamy@example.net,297.27,LB
O20416,2026-07-15,ashleycastro@example.com,119.06,MG
O20417,2026-07-16,bhernandez@example.net,517.27,ME
O20418,2026-07-10,zbrown@example.org,326.85,KH
O20419,2026-07-12,proctorjoseph@example.com,351.89,MM
O20420,2026-07-11,smithsylvia@example.org,452.28,NE
O20421,2026-07-12,fosternatalie@example.org,713.89,LA
O20422,2026-07-10,kirkbrad@example.com,118.93,MN
O20423,2026-07-16,rubensantiago@example.com,92.31,SZ
O20424,2026-07-12,mcfarlandheather@example.com,685.66,SE
O20425,2026-07-15,kaitlynbriggs@example.com,134.54,MD
O20426,2026-07-13,keith23@example.com,259.38,LK
O20427,2026-07-14,sanchezeric@example.com,444.4,FI
O20428,2026-07-12,ashleywells@example.net,314.53,TZ
O20429,2026-07-16,kstephenson@example.com,173.36,IE
O20430,2026-07-10,zmalone@example.org,750.75,GA
O20431,2026-07-14,ndelgado@example.net,451.23,TR
O20432,2026-07-15,margaret54@example.com,452.5,MC
O20433,2026-07-14,xbrewer@example.com,654.74,DE
O20434,2026-07-14,zachary45@example.net,657.62,PS
O20435,2026-07-15,jessica36@example.net,239.68,GH
O20436,2026-07-15,alexandrabrooks@example.net,732.19,IN
O20437,2026-07-13,wwright@example.org,208.35,CH
O20438,2026-07-12,palmersummer@example.org,237.63,KM
O20439,2026-07-15,cfarrell@example.net,255.81,ST
O20440,2026-07-10,larry52@example.net,324.92,SL
O20441,2026-07-12,jonathanhuynh@example.com,197.95,TW
O20442,2026-07-16,pgreen@example.org,29.49,GD
O20443,2026-07-15,wmiller@example.org,186.61,TM
O20444,2026-07-12,jpitts@example.com,439.14,NR
O20445,2026-07-14,weberleonard@example.com,25.82,MH
O20446,2026-07-10,dfoley@example.org,-5.0,BN
O20447,2026-07-14,samuel14@example.net,679.64,BJ
O20448,2026-07-12,brittanybailey@example.net,166.29,HU
O20449,2026-07-11,michelle01@example.net,299.12,AD
O20450,2026-07-13,jamesperez@example.org,455.84,FR
O20451,2026-07-16,gary12@example.com,575.22,SC
O20452,2026-07-16,gjohnson@example.com,531.09,GE
O20453,2026-07-14,afloyd@example.org,,CD
O20454,2026-07-15,daviscarlos@example.net,677.93,KI
O20455,2026-07-16,isaacwhite@example.net,787.11,MG
O20456,2026-07-12,wilkersonvincent@example.org,366.69,CV
O20457,2026-07-13,jeremiahwashington@example.com,544.71,GQ
O20458,2026-07-16,hensonjerry@example.com,96.09,GQ
O20459,2026-07-15,nichole22@example.net,665.96,VN
O20460,2026-07-16,westkayla@example.org,641.59,CD
O20461,2026-07-16,marypeters@example.com,413.39,MC
O20462,2026-07-11,angelasimmons@example.org,361.61,KE
O20463,2026-07-14,kimwayne@example.org,561.56,CL
O20464,2026-07-12,kwaller@example.net,520.25,SZ
O20465,2026-07-13,jeremymercado@example.net,111.38,IQ
O20466,2026-07-12,martinezlauren@example.com,334.08,AR
O20467,2026-07-10,pwilson@example.net,249.36,NL
O20468,2026-07-10,christopherhebert@example.org,140.32,EC
O20469,2026-07-13,marcuslawson@example.com,200.72,PW
O20470,2026-07-14,gcarter@example.com,275.68,UA
O20471,2026-07-14,smithmichael@example.org,304.49,BJ
O20472,2026-07-14,jonathonjohnson@example.com,479.43,LA
O20473,2026-07-13,awelch@example.net,658.48,MV
O20474,2026-07-16,kingeric@example.net,484.6,MH
O20475,2026-07-11,debrajones@example.net,516.13,KG
O20476,2026-07-14,qmoore@example.org,497.9,FM
O20477,2026-07-13,tracyhicks@example.org,623.89,MW
O20478,2026-07-14,suzanne98@example.net,78.93,GB
O20479,2026-07-10,felicia33@example.net,359.91,RS
O20480,2026-07-14,qford@example.net,574.51,JP
O20481,2026-07-14,ericcohen@example.net,10.41,TM
O20482,2026-07-15,allenwilliam@example.com,369.46,MR
O20483,2026-07-11,zvargas@example.net,161.67,OM
O20484,2026-07-14,tracie86@example.com,357.21,BR
O20485,2026-07-10,natasha16@example.net,512.91,NO
O20486,2026-07-13,jasmine41@example.org,471.99,PH
O20487,2026-07-12,gmartin@example.net,386.1,MU
O20488,2026-07-16,clewis@example.com,297.15,AO
O20489,2026-07-16,erika41@example.org,151.48,UA
O20490,2026-07-15,jenniferwilliams@example.com,682.61,SK
O20491,2026-07-11,ysalazar@example.com,411.99,AL
O20492,2026-07-12,karibennett@example.com,190.79,PG
O20493,2026-07-14,sanchezmary@example.net,452.12,EE
O20494,2026-07-14,daniel95@example.net,467.72,LK
O20495,2026-07-11,connie45@example.net,329.97,BE
O20496,2026-07-16,travis03@example.com,746.04,LC
O20497,2026-07-14,hobbssheri@example.org,,BS
O20498,2026-07-10,lisacarpenter@example.org,640.36,QA
O20499,2026-07-11,bsmith@example.com,703.32,PG
O20500,2026-07-10,elizabethwright@example.com,353.07,TW
O20501,2026-07-15,jonesmichelle@example.org,349.17,AM
O20502,2026-07-11,hayleyedwards@example.net,26.17,BD
O20503,2026-07-12,eperez@example.com,193.84,CG
O20504,2026-07-11,spena@example.org,290.74,MU
O20505,2026-07-11,maryclayton@example.org,10.06,MK
O20506,2026-07-15,angela12@example.com,118.57,BS
O20507,2026-07-10,mary53@example.org,708.86,CO
O20508,2026-07-15,nspencer@example.com,603.46,SK
O20509,2026-07-13,wayne61@example.org,610.11,CA
O20510,2026-07-11,princeanne@example.com,93.72,KW
O20511,2026-07-14,glencantrell@example.net,662.36,TO
O20512,2026-07-11,warnermichelle@example.org,533.38,LV
O20513,2026-07-13,laura31@example.net,131.56,EC
O20514,2026-07-14,phiggins@example.com,709.37,KR
O20515,2026-07-15,watsonwendy@example.com,162.65,LT
O20516,2026-07-10,matthew97@example.net,178.66,BZ
O20517,2026-07-14,jasmine34@example.net,697.91,RO
O20518,2026-07-10,ashleytorres@example.org,103.41,MD
O20519,2026-07-16,lisa71@example.net,529.04,SB
O20520,2026-07-16,matthewhernandez@example.com,763.84,BH
O20521,2026-07-14,aaron34@example.com,256.35,IL
O20522,2026-07-15,carriebyrd@example.org,213.63,KW
O20523,2026-07-13,caitlin83@example.net,617.64,KR
O20524,2026-07-15,roger16@example.org,137.58,TO
O20525,2026-07-10,scottwendy@example.org,389.41,CU
O20526,2026-07-12,freemanjonathan@example.com,541.1,JM
O20527,2026-07-13,justinyates@example.org,710.82,AM
O20528,2026-07-10,alvaradochristopher@example.net,247.96,CY
O20529,2026-07-10,melissachavez@example.com,71.31,LS
O20530,2026-07-14,dgraves@example.com,355.85,GY
O20531,2026-07-16,bennettwilliam@example.com,688.65,JM
O20532,2026-07-10,eric50@example.org,515.06,SZ
O20533,2026-07-14,thompsonkristina@example.net,693.11,BO
O20534,2026-07-12,asmith@example.net,11.35,SK
O20535,2026-07-10,uallen@example.net,93.9,DZ
O20536,2026-07-16,xavier03@example.net,143.41,GY
O20537,2026-07-16,pguzman@example.net,657.58,DZ
O20538,2026-07-13,mcgeetyler@example.net,626.51,LV
O20539,2026-07-16,susansherman@example.com,453.23,AR
O20540,2026-07-15,samuel75@example.com,154.59,UG
O20541,2026-07-16,johnsonandrea@example.org,708.9,SM
O20542,2026-07-15,cartermargaret@example.com,188.13,RW
O20543,2026-07-11,palmerkenneth@example.com,57.85,NP
O20544,2026-07-10,regina52@example.org,542.4,PY
O20545,2026-07-15,angelabrown@example.org,505.18,AO
O20546,2026-07-10,sharper@example.net,196.74,TV
O20547,2026-07-15,yhale@example.com,448.48,MN
O20548,2026-07-12,lpage@example.org,622.96,SG
O20549,2026-07-13,lshaw@example.net,207.23,HU
O20550,2026-07-10,madisonbailey@example.org,465.43,JM
O20551,2026-07-15,ugreen@example.net,532.4,GM
O20552,2026-07-16,wagnercarol@example.org,109.13,KW
O20553,2026-07-10,maria61@example.org,786.2,TT
O20554,2026-07-10,reeddaniel@example.org,195.25,VE
O20555,2026-07-16,angelalowe@example.net,70.44,RU
O20556,2026-07-15,rebecca85@example.net,197.19,KP
O20557,2026-07-14,daisy59@example.net,381.45,BA
O20558,2026-07-10,nicholascox@example.com,726.26,YE
O20559,2026-07-12,jessica69@example.com,58.91,PL
O20560,2026-07-16,adavis@example.com,151.84,SV
O20561,2026-07-11,mhayes@example.net,570.85,PA
O20562,2026-07-10,kelly75@example.org,746.12,AE
O20563,2026-07-16,erik10@example.org,208.91,BE
O20564,2026-07-15,nathaniel87@example.net,523.23,VC
O20565,2026-07-14,adam03@example.com,441.7,TT
O20566,2026-07-14,vtorres@example.net,75.23,MT
O20567,2026-07-12,carrieflores@example.com,772.38,FR
O20568,2026-07-12,pdunlap@example.org,700.27,SC
O20569,2026-07-14,davidrowe@example.net,549.21,IN
O20570,2026-07-12,yevans@example.org,320.88,SE
O20571,2026-07-14,ahuang@example.net,638.02,MT
O20572,2026-07-11,croberts@example.com,550.86,BW
O20573,2026-07-15,charles36@example.org,146.22,AE
O20574,2026-07-11,yanderson@example.net,337.32,KN
O20575,2026-07-12,wilkinsjennifer@example.com,454.1,ZM
O20576,2026-07-10,mcook@example.com,767.92,CL
O20577,2026-07-12,obriencourtney@example.com,597.32,IS
O20578,2026-07-13,erincastro@example.net,492.05,KN
O20579,2026-07-16,alvarezangela@example.com,798.94,SO
O20580,2026-07-12,adouglas@example.com,694.38,LI
O20581,2026-07-13,michelle56@example.net,575.31,CH
O20582,2026-07-16,kevinramirez@example.org,592.45,RS
O20583,2026-07-10,grodriguez@example.com,240.52,TN
O20584,2026-07-11,nathanvargas@example.net,43.66,DZ
O20585,2026-07-12,laurie43@example.net,644.95,DE
O20586,2026-07-16,shahkathryn@example.net,-5.0,ES
O20587,2026-07-13,hfernandez@example.net,365.64,BG
O20588,2026-07-11,angelavasquez@example.com,149.52,CF
O20589,2026-07-14,michael96@example.org,727.63,CH
O20590,2026-07-11,wbennett@example.org,506.29,MV
O20591,2026-07-11,agonzalez@example.com,49.16,RS
O20592,2026-07-14,karen00@example.com,603.69,LB
O20593,2026-07-16,clarkjessica@example.org,,IQ
O20594,2026-07-15,andrea56@example.com,656.06,HR
O20595,2026-07-11,ystuart@example.com,324.59,GB
O20596,2026-07-13,ncrawford@example.com,739.92,AM
O20597,2026-07-13,alexanderamy@example.org,205.59,BZ
O20598,2026-07-16,zavalanathaniel@example.com,68.25,UA
O20599,2026-07-15,lisa91@example.com,555.95,TV
O20600,2026-07-16,ydaniels@example.net,336.42,VA
O20601,2026-07-13,jennifer79@example.org,526.88,AG
O20602,2026-07-10,johnhahn@example.com,670.66,YE
O20603,2026-07-10,jlyons@example.com,293.4,SL
O20604,2026-07-10,jennifer32@example.com,151.19,AD
O20605,2026-07-14,fwerner@example.org,188.47,UZ
O20606,2026-07-12,paulmarsh@example.org,250.59,KN
O20607,2026-07-16,cstokes@example.com,324.02,FM
O20608,2026-07-10,jacquelineshields@example.org,455.51,VE
O20609,2026-07-15,michelle81@example.org,146.87,JM
O20610,2026-07-10,jason17@example.com,462.1,SE
O20611,2026-07-15,kirbybernard@example.org,165.25,SO
O20612,2026-07-10,ojones@example.net,197.08,CA
O20613,2026-07-11,cruzanthony@example.com,18.46,GR
O20614,2026-07-16,danaherring@example.net,304.22,PA
O20615,2026-07-12,stephen48@example.net,249.33,MN
O20616,2026-07-10,dpadilla@example.com,88.24,PH
O20617,2026-07-11,bondmiguel@example.org,552.74,AO
O20618,2026-07-12,lisa32@example.org,362.89,IN
O20619,2026-07-14,heatherallen@example.net,650.47,TZ
O20620,2026-07-13,david24@example.net,543.91,EC
O20621,2026-07-14,carlsontony@example.net,,FR
O20622,2026-07-15,eromero@example.net,250.48,FJ
O20623,2026-07-13,shawn76@example.com,544.97,LV
O20624,2026-07-14,ncosta@example.net,480.27,MR
O20625,2026-07-14,averychristopher@example.org,345.44,SG
O20626,2026-07-15,harrispatricia@example.net,685.0,NR
O20627,2026-07-10,lewisjohn@example.net,95.62,FM
O20628,2026-07-13,rhondabradley@example.com,214.53,BO
O20629,2026-07-13,juanali@example.com,640.53,MN
O20630,2026-07-11,odomjacob@example.net,346.98,VE
O20631,2026-07-11,ashley58@example.net,485.36,KI
O20632,2026-07-14,jhunt@example.net,269.92,AR
O20633,2026-07-13,elizabeth66@example.org,199.5,EC
O20634,2026-07-14,connieanderson@example.com,233.46,BR
O20635,2026-07-10,thompsonjimmy@example.com,287.87,CA
O20636,2026-07-15,ramirezkathleen@example.com,632.83,UG
O20637,2026-07-16,ashley03@example.com,359.99,TL
O20638,2026-07-10,lford@example.com,383.44,TG
O20639,2026-07-11,ashleymorrison@example.org,213.91,NP
O20640,2026-07-15,gordonalison@example.com,452.66,MC
O20641,2026-07-12,michaelajoyce@example.org,382.62,PW
O20642,2026-07-16,billyvillarreal@example.org,598.83,NA
O20643,2026-07-15,mark43@example.org,767.25,JO
O20644,2026-07-16,keithpatel@example.com,208.49,SG
O20645,2026-07-12,rbrooks@example.com,87.23,ES
O20646,2026-07-10,jennyross@example.org,756.49,MK
O20647,2026-07-14,michaelestrada@example.org,363.64,IE
O20648,2026-07-16,hwaller@example.org,292.53,FM
O20649,2026-07-11,donaldbishop@example.org,280.76,GM
O20650,2026-07-12,bowmankyle@example.net,304.49,GE
O20651,2026-07-13,walleredward@example.net,482.23,KP
O20652,2026-07-11,matthew75@example.net,323.52,IL
O20653,2026-07-13,cynthiagreen@example.org,571.6,SB
O20654,2026-07-13,jennifer56@example.com,406.75,CF
O20655,2026-07-10,vortega@example.org,257.67,AZ
O20656,2026-07-12,wruiz@example.com,421.74,MW
O20657,2026-07-14,jacksonsamantha@example.net,-5.0,MA
O20658,2026-07-13,cuevascharles@example.com,80.38,GN
O20659,2026-07-13,kellythomas@example.org,751.03,TW
O20660,2026-07-14,lindsay55@example.org,661.4,LS
O20661,2026-07-12,ronaldgraves@example.com,631.51,VC
O20662,2026-07-12,laura76@example.net,159.04,UA
O20663,2026-07-10,gphillips@example.org,395.21,AZ
O20664,2026-07-14,kbernard@example.net,475.87,RU
O20665,2026-07-10,sunderwood@example.org,289.62,GN
O20666,2026-07-11,medinajermaine@example.net,164.2,LU
O20667,2026-07-11,newmanrobert@example.com,732.31,CZ
O20668,2026-07-14,bobbygreene@example.com,376.48,SB
O20669,2026-07-16,burnsjonathan@example.org,348.91,SO
O20670,2026-07-12,donaldrandolph@example.com,424.93,SO
O20671,2026-07-14,perkinssamantha@example.net,34.72,JP
O20672,2026-07-16,denise25@example.net,49.45,AO
O20673,2026-07-13,dereksimpson@example.com,428.61,BH
O20674,2026-07-14,michaelbarker@example.com,13.43,BT
O20675,2026-07-15,gvaughn@example.com,254.81,ZW
O20676,2026-07-11,jesusbolton@example.net,454.98,GH
O20677,2026-07-13,smithmichael@example.org,667.66,LB
O20678,2026-07-10,jdavis@example.org,401.48,KP
O20679,2026-07-12,nicholascunningham@example.org,745.55,CR
O20680,2026-07-10,stacygriffith@example.org,62.85,NG
O20681,2026-07-13,amybrown@example.org,244.88,WS
O20682,2026-07-13,kimberlyanderson@example.org,717.7,SO
O20683,2026-07-13,ryan09@example.org,239.59,BD
O20684,2026-07-14,nathanielbyrd@example.org,69.05,VE
O20685,2026-07-16,spencemisty@example.com,602.27,UZ
O20686,2026-07-11,castanedajohn@example.net,682.75,NA
O20687,2026-07-11,frenchhannah@example.net,403.45,BT
O20688,2026-07-14,dshaw@example.org,36.37,SZ
O20689,2026-07-14,joseph47@example.com,506.35,TZ
O20690,2026-07-11,lauren79@example.net,84.82,ST
O20691,2026-07-12,simmonsralph@example.com,696.18,SD
O20692,2026-07-12,rturner@example.com,70.74,VA
O20693,2026-07-11,robertjackson@example.com,80.87,KN
O20694,2026-07-14,anne78@example.com,272.57,SA
O20695,2026-07-11,esmith@example.org,118.99,MR
O20696,2026-07-10,ihernandez@example.org,582.54,DK
O20697,2026-07-14,daniellewilson@example.com,653.16,TZ
O20698,2026-07-16,melissacastaneda@example.net,675.97,SI
O20699,2026-07-14,elizabethdaniels@example.org,591.56,SD
O20700,2026-07-15,caitlinmartin@example.net,28.19,TZ
O20701,2026-07-10,william09@example.net,588.76,LC
O20702,2026-07-12,wilsonjohn@example.net,101.38,KN
O20703,2026-07-15,derrick87@example.net,449.15,LI
O20704,2026-07-12,clevy@example.org,286.99,DZ
O20705,2026-07-12,tonidavenport@example.org,326.55,BN
O20706,2026-07-13,timothyshelton@example.net,166.01,CA
O20707,2026-07-10,xalvarez@example.net,10.33,SB
O20708,2026-07-16,kimjessica@example.com,626.03,AU
O20709,2026-07-12,meghanparrish@example.net,588.06,MD
O20710,2026-07-12,christianross@example.org,295.47,MK
O20711,2026-07-11,jason55@example.com,414.48,ML
O20712,2026-07-15,froth@example.net,306.68,AF
O20713,2026-07-13,rogerwallace@example.org,401.87,TD
O20714,2026-07-16,wthomas@example.net,358.15,BN
O20715,2026-07-16,cdiaz@example.com,785.07,AT
O20716,2026-07-10,kimberly44@example.com,477.82,NR
O20717,2026-07-16,christopher37@example.org,783.85,BY
O20718,2026-07-12,gcooper@example.com,600.92,AF
O20719,2026-07-12,julia60@example.com,237.87,PH
O20720,2026-07-12,linda93@example.com,27.15,ST
O20721,2026-07-13,pam81@example.com,298.88,KZ
O20722,2026-07-12,mikecampbell@example.net,129.65,ER
O20723,2026-07-15,tinamcgrath@example.org,722.41,AE
O20724,2026-07-10,cnorris@example.net,81.16,TL
O20725,2026-07-11,riveradanielle@example.org,641.67,BD
O20726,2026-07-13,morrisjean@example.net,648.61,RO
O20727,2026-07-10,ndavis@example.net,201.62,TD
O20728,2026-07-16,theodore24@example.com,494.86,LA
O20729,2026-07-16,eddiestevens@example.net,69.39,BS
O20730,2026-07-15,mackenzie77@example.org,382.44,CR
O20731,2026-07-10,dstevens@example.net,717.14,MN
O20732,2026-07-10,joseph35@example.org,167.66,GH
O20733,2026-07-12,donnasmith@example.com,324.05,TJ
O20734,2026-07-16,kevinwilliams@example.org,314.75,AG
O20735,2026-07-15,barneswilliam@example.net,513.83,MK
O20736,2026-07-10,kevinhamilton@example.net,359.38,CY
O20737,2026-07-14,williamnavarro@example.com,650.88,TL
O20738,2026-07-13,gainesjerry@example.net,565.94,JM
O20739,2026-07-16,robbinssheri@example.com,685.21,KR
O20740,2026-07-14,fostersamuel@example.net,653.04,UY
O20741,2026-07-14,brianhernandez@example.net,771.16,RW
O20742,2026-07-12,elizabeth38@example.com,475.2,CL
O20743,2026-07-11,kristen63@example.org,505.74,TM
O20744,2026-07-15,james34@example.com,667.58,ML
O20745,2026-07-12,smithandrew@example.com,169.38,HN
O20746,2026-07-15,christinawilliams@example.org,214.84,VA
O20747,2026-07-14,russellhamilton@example.net,620.87,LB
O20748,2026-07-15,smithjeremy@example.net,584.75,IT
O20749,2026-07-11,brycecunningham@example.org,80.75,BH
O20750,2026-07-12,mstone@example.org,486.71,MK
O20751,2026-07-15,abrown@example.org,794.44,GY
O20752,2026-07-12,jonesvictor@example.net,143.45,CZ
O20753,2026-07-15,david70@example.com,367.14,BR
O20754,2026-07-15,hdavis@example.net,718.92,CD
O20755,2026-07-14,jessica51@example.net,458.3,LY
O20756,2026-07-12,jasoncabrera@example.com,249.82,GE
O20757,2026-07-10,vmurphy@example.com,28.52,SD
O20758,2026-07-10,styler@example.org,708.23,CL
O20759,2026-07-15,richardmarquez@example.net,297.55,GH
O20760,2026-07-15,diane02@example.org,368.75,BB
O20761,2026-07-10,valeriemckinney@example.com,678.28,MC
O20762,2026-07-10,carpentercrystal@example.com,359.97,NI
O20763,2026-07-12,reyespatrick@example.com,594.42,CF
O20764,2026-07-11,valerie74@example.net,573.78,MK
O20765,2026-07-15,juarezedward@example.org,258.45,AE
O20766,2026-07-12,abbottmary@example.org,326.42,IE
O20767,2026-07-12,fcook@example.net,431.31,GM
O20768,2026-07-10,williamsandrew@example.org,604.3,TN
O20769,2026-07-13,margaret16@example.net,745.34,BJ
O20770,2026-07-15,william69@example.com,190.5,SB
O20771,2026-07-15,amy79@example.com,30.63,DM
O20772,2026-07-10,patelclinton@example.com,294.32,EE
O20773,2026-07-13,michaelgarza@example.com,306.43,KE
O20774,2026-07-11,marvinpatterson@example.net,365.28,CM
O20775,2026-07-11,vfields@example.net,528.44,TN
O20776,2026-07-16,belllauren@example.org,212.7,GD
O20777,2026-07-16,robert72@example.org,98.71,JO
O20778,2026-07-11,umartinez@example.net,491.95,CM
O20779,2026-07-16,dmurillo@example.org,515.49,NE
O20780,2026-07-15,stevenscharles@example.org,639.68,LR
O20781,2026-07-10,brianphillips@example.com,676.22,NP
O20782,2026-07-14,hfernandez@example.org,148.7,FI
O20783,2026-07-14,sgriffith@example.org,550.08,GQ
O20784,2026-07-16,jcarter@example.org,146.36,HN
O20785,2026-07-11,gregory03@example.org,533.9,DJ
O20786,2026-07-13,christina35@example.net,359.33,LV
O20787,2026-07-14,gomezhenry@example.com,726.18,MZ
O20788,2026-07-10,hthornton@example.org,603.1,KR
O20789,2026-07-16,emorris@example.org,143.69,PY
O20790,2026-07-11,carterricardo@example.com,690.16,MR
O20791,2026-07-15,joshua61@example.com,613.7,IL
O20792,2026-07-15,john04@example.net,240.41,TM
O20793,2026-07-10,emily82@example.com,483.9,FJ
O20794,2026-07-10,dawnbennett@example.net,621.5,SI
O20795,2026-07-13,scottnicole@example.net,652.79,LA
O20796,2026-07-10,yingram@example.com,458.37,MD
O20797,2026-07-13,richard99@example.com,654.31,PG
O20798,2026-07-16,ricky16@example.org,700.96,SM
O20799,2026-07-10,olucas@example.org,138.49,SN
O20800,2026-07-13,eddiewilson@example.org,658.94,RW
O20801,2026-07-12,gandrews@example.com,570.0,TD
O20802,2026-07-11,thomasthomas@example.net,318.76,NP
O20803,2026-07-15,rachel24@example.org,613.54,AO
O20804,2026-07-12,jose13@example.com,494.33,JO
O20805,2026-07-13,kimberly30@example.org,443.27,MW
O20806,2026-07-12,lawrence12@example.net,182.97,MC
O20807,2026-07-12,efreeman@example.net,35.45,MU
O20808,2026-07-14,pkeith@example.net,214.76,GY
O20809,2026-07-11,karenvargas@example.com,27.58,GN
O20810,2026-07-13,mark20@example.com,56.98,VA
O20811,2026-07-15,isaac00@example.com,288.51,LI
O20812,2026-07-11,lisa33@example.net,349.55,BO
O20813,2026-07-11,louis64@example.org,206.97,BZ
O20814,2026-07-15,benjamin80@example.com,451.08,KI
O20815,2026-07-16,alexanderkenneth@example.com,262.84,UZ
O20816,2026-07-14,debrabrennan@example.net,699.19,GY
O20817,2026-07-15,ohall@example.org,116.11,TO
O20818,2026-07-11,jennifer97@example.com,58.95,MW
O20819,2026-07-11,robinsonbrandy@example.org,200.33,QA
O20820,2026-07-11,christine53@example.org,194.08,UY
O20821,2026-07-12,sharon51@example.com,650.41,LU
O20822,2026-07-16,tammyanderson@example.org,457.63,TO
O20823,2026-07-15,eallen@example.com,305.16,MN
O20824,2026-07-16,rlyons@example.org,497.51,ST
O20825,2026-07-13,andrew92@example.net,708.43,SD
O20826,2026-07-16,perezjames@example.net,684.2,AD
O20827,2026-07-11,wgonzalez@example.org,49.15,AM
O20828,2026-07-16,sierra17@example.org,382.51,AG
O20829,2026-07-14,brendagreen@example.org,220.46,MU
O20830,2026-07-13,christopher84@example.org,301.21,FR
O20831,2026-07-13,thomashenderson@example.com,457.03,WS
O20832,2026-07-16,ehall@example.org,347.6,MD
O20833,2026-07-12,jjohnson@example.com,755.8,MH
O20834,2026-07-16,coreyhowell@example.org,543.7,FI
O20835,2026-07-15,megan95@example.net,142.4,GQ
O20836,2026-07-14,jeremychandler@example.com,455.81,TR
O20837,2026-07-13,uweiss@example.com,15.53,VE
O20838,2026-07-11,bboone@example.com,488.03,KI
O20839,2026-07-15,mary31@example.com,164.2,TN
O20840,2026-07-10,danielleowens@example.com,237.96,AE
O20841,2026-07-13,trojas@example.net,544.93,IR
O20842,2026-07-16,lopezjoseph@example.com,438.91,LV
O20843,2026-07-15,adam32@example.org,480.61,MW
O20844,2026-07-10,hernandeznathan@example.com,527.37,SG
O20845,2026-07-16,cherylpruitt@example.net,755.74,BB
O20846,2026-07-14,kenneth82@example.org,200.38,NG
O20847,2026-07-15,webbcindy@example.net,214.04,CF
O20848,2026-07-14,heidi36@example.org,322.52,TM
O20849,2026-07-15,qjones@example.org,786.25,CH
O20850,2026-07-15,chelsey50@example.org,390.35,SY
O20851,2026-07-16,baileytaylor@example.net,438.89,TD
O20852,2026-07-13,monicachurch@example.com,42.49,ST
O20853,2026-07-16,davidthompson@example.org,694.86,CI
O20854,2026-07-11,mark25@example.com,556.96,KH
O20855,2026-07-16,zdalton@example.org,291.54,LS
O20856,2026-07-10,pbass@example.org,269.48,ZW
O20857,2026-07-10,sheppardmelissa@example.org,-5.0,AF
O20858,2026-07-13,hkelly@example.org,361.53,TH
O20859,2026-07-14,jillgonzales@example.org,707.86,BS
O20860,2026-07-16,oneilllauren@example.org,373.11,LT
O20861,2026-07-14,jeremy95@example.net,626.7,MR
O20862,2026-07-11,kphelps@example.com,237.56,MA
O20863,2026-07-15,jessicasimmons@example.org,363.98,AM
O20864,2026-07-12,kellyrobinson@example.net,211.1,GN
O20865,2026-07-13,christopher00@example.org,712.73,LB
O20866,2026-07-10,joannabeard@example.org,89.33,SY
O20867,2026-07-14,david29@example.com,712.34,ID
O20868,2026-07-16,jessica03@example.com,285.63,EG
O20869,2026-07-11,kelly31@example.org,651.26,NO
O20870,2026-07-15,hgraham@example.com,32.8,GE
O20871,2026-07-16,andrew24@example.com,432.19,KI
O20872,2026-07-11,kelli84@example.net,96.66,TG
O20873,2026-07-11,april99@example.com,580.28,VC
O20874,2026-07-10,christopher29@example.com,173.41,KH
O20875,2026-07-15,michaelhancock@example.net,677.7,BE
O20876,2026-07-11,iwalker@example.org,171.46,KI
O20877,2026-07-16,jennifercarter@example.org,458.4,VN
O20878,2026-07-13,annabeck@example.org,704.56,TM
O20879,2026-07-10,fergusonkimberly@example.com,452.23,SO
O20880,2026-07-13,bharrington@example.org,481.27,BZ
O20881,2026-07-15,masonjanice@example.net,299.39,EC
O20882,2026-07-16,fvilla@example.net,563.71,WS
O20883,2026-07-15,burnettmatthew@example.net,249.36,AR
O20884,2026-07-16,alejandrobruce@example.net,81.86,VN
O20885,2026-07-11,sullivanjohn@example.com,291.43,CR
O20886,2026-07-13,cmccoy@example.com,597.35,GA
O20887,2026-07-10,tapiapaul@example.org,590.03,LA
O20888,2026-07-11,bcase@example.org,192.12,IE
O20889,2026-07-11,jared05@example.org,541.76,ZA
O20890,2026-07-16,michelegray@example.com,322.43,JP
O20891,2026-07-12,joseph11@example.com,144.76,PW
O20892,2026-07-13,idavis@example.com,278.37,MU
O20893,2026-07-14,lisarichard@example.com,104.3,MV
O20894,2026-07-11,alexisjones@example.com,344.48,CI
O20895,2026-07-12,uguerrero@example.com,479.15,ET
O20896,2026-07-13,silvachristine@example.com,-5.0,RU
O20897,2026-07-13,maria27@example.net,616.13,GN
O20898,2026-07-16,ogonzalez@example.org,414.21,ZW
O20899,2026-07-15,lbrooks@example.net,349.48,ZW
O20900,2026-07-14,justinfields@example.com,-5.0,MV
O20901,2026-07-11,morristiffany@example.net,229.45,MZ
O20902,2026-07-15,alexanderbryant@example.org,58.26,GR
O20903,2026-07-14,tkemp@example.net,343.24,BZ
O20904,2026-07-10,nicole16@example.net,200.36,GT
O20905,2026-07-11,lesliecunningham@example.com,128.52,MK
O20906,2026-07-13,cookkendra@example.com,34.4,MD
O20907,2026-07-12,crystallee@example.net,423.23,FI
O20908,2026-07-14,lovejames@example.org,583.18,SM
O20909,2026-07-11,douglas95@example.com,97.31,MA
O20910,2026-07-10,amy65@example.org,238.72,MU
O20911,2026-07-10,kchristian@example.com,275.43,AL
O20912,2026-07-11,benjaminprince@example.com,205.19,PA
O20913,2026-07-11,angelicawalton@example.org,74.2,SD
O20914,2026-07-11,smithamy@example.net,670.63,QA
O20915,2026-07-16,owood@example.net,201.12,GD
O20916,2026-07-11,amberparker@example.net,595.76,KG
O20917,2026-07-14,imoore@example.net,337.7,PH
O20918,2026-07-14,allenamy@example.org,523.49,BE
O20919,2026-07-16,veronicathompson@example.net,378.07,YE
O20920,2026-07-10,ylambert@example.com,18.36,ZM
O20921,2026-07-16,gilmoreveronica@example.com,769.24,MH
O20922,2026-07-11,bkent@example.com,669.52,BZ
O20923,2026-07-13,stephen17@example.com,272.72,GH
O20924,2026-07-15,mckenzie84@example.net,659.87,BS
O20925,2026-07-16,william16@example.org,150.92,DJ
O20926,2026-07-10,kmeyer@example.com,132.58,RU
O20927,2026-07-10,rebeccamorgan@example.org,788.34,KI
O20928,2026-07-13,laurenmorgan@example.com,458.98,BR
O20929,2026-07-16,jennifersullivan@example.net,626.08,GA
O20930,2026-07-12,markroberts@example.org,39.76,BE
O20931,2026-07-15,tannerjoseph@example.net,297.87,UZ
O20932,2026-07-10,matthew95@example.com,636.17,BW
O20933,2026-07-11,alexander79@example.com,106.51,DZ
O20934,2026-07-11,jhendrix@example.org,459.73,BY
O20935,2026-07-14,romerojennifer@example.net,394.85,RU
O20936,2026-07-13,yrodriguez@example.org,193.4,ZA
O20937,2026-07-14,christophercameron@example.com,406.77,SA
O20938,2026-07-16,luis28@example.net,640.55,AE
O20939,2026-07-13,whenry@example.net,,ID
O20940,2026-07-16,dana39@example.net,268.81,JM
O20941,2026-07-13,brittany83@example.org,349.26,GH
O20942,2026-07-16,bdavis@example.com,696.12,KM
O20943,2026-07-14,oholland@example.net,115.07,IE
O20944,2026-07-16,jeffrey87@example.net,203.96,US
O20945,2026-07-15,janice14@example.org,18.79,VE
O20946,2026-07-15,jeremysmith@example.org,266.73,BJ
O20947,2026-07-12,lauramyers@example.net,106.39,UA
O20948,2026-07-13,tammie92@example.org,620.95,NE
O20949,2026-07-12,pblankenship@example.com,59.82,HR
O20950,2026-07-16,xcox@example.com,764.76,ET
O20951,2026-07-10,darrelljackson@example.org,547.25,QA
O20952,2026-07-10,frank04@example.net,252.91,UY
O20953,2026-07-13,josephferguson@example.net,70.17,LU
O20954,2026-07-15,chapmanbrenda@example.net,668.95,GE
O20955,2026-07-10,charles74@example.com,417.26,CF
O20956,2026-07-15,adam18@example.com,245.12,VU
O20957,2026-07-10,shawmichelle@example.net,424.66,BO
O20958,2026-07-11,mistyscott@example.org,584.41,SL
O20959,2026-07-13,gthompson@example.net,227.89,AG
O20960,2026-07-12,amyhood@example.com,671.53,GN
O20961,2026-07-16,shannonbrown@example.com,531.92,CG
O20962,2026-07-10,michelle09@example.net,355.86,BW
O20963,2026-07-12,hintontaylor@example.com,670.6,SB
O20964,2026-07-16,mccallmatthew@example.org,398.71,IN
O20965,2026-07-12,dillonchristopher@example.net,231.81,CG
O20966,2026-07-15,drivas@example.org,784.19,MH
O20967,2026-07-14,bennettkevin@example.com,134.38,LY
O20968,2026-07-14,tmueller@example.net,217.19,NI
O20969,2026-07-10,trogers@example.com,235.83,DM
O20970,2026-07-16,jameshutchinson@example.com,158.61,ET
O20971,2026-07-15,sharoncook@example.net,668.77,TJ
O20972,2026-07-16,villanuevavanessa@example.com,796.19,EC
O20973,2026-07-13,gonzalesaaron@example.com,521.08,CU
O20974,2026-07-12,snowmonica@example.net,441.4,GD
O20975,2026-07-10,davidapril@example.org,123.44,EG
O20976,2026-07-14,lisa86@example.org,,SM
O20977,2026-07-10,mcox@example.org,230.53,TW
O20978,2026-07-10,goodmandarin@example.net,632.29,CN
O20979,2026-07-16,ianderson@example.net,678.79,EC
O20980,2026-07-13,robertreyes@example.net,346.71,DJ
O20981,2026-07-14,ddunlap@example.com,40.08,TM
O20982,2026-07-14,dustinrodriguez@example.net,18.27,LR
O20983,2026-07-12,iclayton@example.org,443.26,SE
O20984,2026-07-13,adamselizabeth@example.com,774.65,ID
O20985,2026-07-13,melissa03@example.org,192.73,BE
O20986,2026-07-11,ksimon@example.net,420.39,SI
O20987,2026-07-16,jennifer17@example.net,180.85,AU
O20988,2026-07-10,roblesnicholas@example.com,285.47,HR
O20989,2026-07-15,munozpaul@example.net,486.57,VU
O20990,2026-07-13,jaimesanchez@example.com,754.64,AE
O20991,2026-07-16,tommy25@example.net,187.74,GA
O20992,2026-07-16,morrisonpaul@example.com,315.45,SR
O20993,2026-07-11,qhenson@example.net,193.99,BB
O20994,2026-07-15,clarklinda@example.net,457.28,SB
O20995,2026-07-15,sandrade@example.com,744.11,LT
O20996,2026-07-12,keithdiaz@example.com,613.42,CD
O20997,2026-07-14,anna35@example.org,756.59,CF
O20998,2026-07-10,jennifer39@example.com,38.72,CM
O20999,2026-07-14,brian44@example.org,605.8,OM
O21000,2026-07-10,sheltonsara@example.com,290.18,ZM
O21001,2026-07-11,yschwartz@example.com,247.93,OM
O21002,2026-07-13,sara66@example.com,650.5,SV
O21003,2026-07-10,scottbender@example.org,62.02,ZW
O21004,2026-07-16,jeffreyzimmerman@example.org,321.31,KM
O21005,2026-07-15,ryan13@example.org,500.94,SA
O21006,2026-07-16,davidlara@example.com,555.79,QA
O21007,2026-07-15,perezkyle@example.net,189.39,FI
O21008,2026-07-12,turnerelizabeth@example.com,395.18,UY
O21009,2026-07-13,cscott@example.com,496.0,GY
O21010,2026-07-13,rodneycole@example.com,250.55,NG
O21011,2026-07-10,brandonpayne@example.com,724.85,RS
O21012,2026-07-10,cfigueroa@example.net,378.85,HR
O21013,2026-07-11,melanie28@example.net,73.58,SV
O21014,2026-07-14,denise43@example.net,,DM
O21015,2026-07-15,murphycourtney@example.org,542.68,DM
O21016,2026-07-15,bradley89@example.org,57.87,AL
O21017,2026-07-15,patrickgoodman@example.com,492.93,PW
O21018,2026-07-16,hicksmichelle@example.net,776.29,BE
O21019,2026-07-11,qwallace@example.com,642.31,BA
O21020,2026-07-13,jcastillo@example.org,541.82,SO
O21021,2026-07-11,whitneyamanda@example.org,799.93,DE
O21022,2026-07-12,lmanning@example.net,308.53,BY
O21023,2026-07-11,anthony92@example.org,775.76,SM
O21024,2026-07-14,kevinpeck@example.com,26.15,ET
O21025,2026-07-16,kathleen74@example.org,379.47,KH
O21026,2026-07-10,watsonjose@example.com,263.95,LS
O21027,2026-07-16,villegasdaniel@example.net,785.87,TV
O21028,2026-07-14,john65@example.org,790.38,GQ
O21029,2026-07-11,robertpatterson@example.net,340.04,CZ
O21030,2026-07-14,edgar07@example.net,383.36,GY
O21031,2026-07-11,robert02@example.org,35.44,TR
O21032,2026-07-10,kristen27@example.net,15.44,IR
O21033,2026-07-10,elizabethcarson@example.net,30.17,SZ
O21034,2026-07-11,eedwards@example.net,468.93,MC
O21035,2026-07-13,phardin@example.org,201.95,YE
O21036,2026-07-10,luis24@example.org,19.68,NG
O21037,2026-07-15,mackenzieroman@example.net,231.64,IE
O21038,2026-07-12,yglenn@example.org,303.34,BO
O21039,2026-07-12,santosbrittany@example.net,219.36,SO
O21040,2026-07-11,austincrawford@example.com,539.11,SV
O21041,2026-07-13,briangomez@example.com,29.42,LA
O21042,2026-07-15,tracyking@example.org,465.99,ML
O21043,2026-07-16,anneguerra@example.com,53.78,CG
O21044,2026-07-15,tporter@example.org,746.11,TT
O21045,2026-07-15,afrost@example.net,117.35,FJ
O21046,2026-07-11,jacquelinespears@example.net,432.51,IT
O21047,2026-07-15,michellefischer@example.com,223.59,LC
O21048,2026-07-11,michael60@example.org,576.2,MW
O21049,2026-07-11,monroekelly@example.com,371.65,SG
O21050,2026-07-13,megan08@example.org,176.27,NA
O21051,2026-07-14,uallen@example.com,332.0,CR
O21052,2026-07-10,nelsonwilliam@example.org,706.84,SI
O21053,2026-07-12,timothy14@example.net,582.57,DK
O21054,2026-07-14,popezachary@example.org,75.44,HN
O21055,2026-07-14,wjohnston@example.net,643.33,PT
O21056,2026-07-14,shawnperkins@example.org,636.92,NR
O21057,2026-07-15,weberjoseph@example.org,142.58,GN
O21058,2026-07-14,xandrews@example.com,241.6,AR
O21059,2026-07-15,riosjames@example.org,455.18,JO
O21060,2026-07-11,gwilson@example.net,22.74,AM
O21061,2026-07-12,jmoore@example.com,518.72,SA
O21062,2026-07-13,pperez@example.net,792.98,LC
O21063,2026-07-16,frazierdavid@example.org,406.28,GB
O21064,2026-07-13,michellehicks@example.org,747.95,KN
O21065,2026-07-16,amberobrien@example.org,651.57,BY
O21066,2026-07-15,currynicholas@example.com,18.08,IE
O21067,2026-07-12,justin35@example.org,53.71,ST
O21068,2026-07-15,jonathanbrown@example.net,726.69,ML
O21069,2026-07-15,carterjennifer@example.net,626.6,NO
O21070,2026-07-15,mary72@example.com,741.44,ML
O21071,2026-07-16,stephen07@example.net,691.27,FR
O21072,2026-07-16,randallmoss@example.com,278.0,KW
O21073,2026-07-13,uwagner@example.org,540.46,LR
O21074,2026-07-14,williamsamy@example.net,639.42,LV
O21075,2026-07-13,smcdonald@example.net,382.2,CH
O21076,2026-07-12,kathrynfuller@example.net,302.9,BG
O21077,2026-07-10,clarkemily@example.com,336.92,PK
O21078,2026-07-16,halljonathan@example.net,673.44,KI
O21079,2026-07-10,ryanpierce@example.net,797.34,ST
O21080,2026-07-12,patricia21@example.net,398.68,GM
O21081,2026-07-14,colinsmith@example.com,664.71,ZA
O21082,2026-07-12,gregory40@example.org,371.02,SL
O21083,2026-07-15,meganlynn@example.com,512.85,SN
O21084,2026-07-10,pwatson@example.com,468.31,MA
O21085,2026-07-11,jmurphy@example.org,680.89,IS
O21086,2026-07-11,seanwilliams@example.net,14.71,DO
O21087,2026-07-13,mirandameyer@example.com,139.45,TL
O21088,2026-07-16,ccarter@example.net,621.87,EE
O21089,2026-07-16,oadams@example.net,576.12,BS
O21090,2026-07-12,angelabennett@example.org,763.31,RS
O21091,2026-07-13,edwardgonzalez@example.org,624.22,TM
O21092,2026-07-12,simonryan@example.org,58.07,AG
O21093,2026-07-14,ahurst@example.com,203.6,RO
O21094,2026-07-15,dustinowen@example.org,507.64,TD
O21095,2026-07-16,brian94@example.net,576.37,IT
O21096,2026-07-12,erica87@example.org,252.97,SC
O21097,2026-07-14,darren09@example.net,253.02,IQ
O21098,2026-07-13,joseph75@example.com,790.14,DM
O21099,2026-07-10,deborahmolina@example.org,754.23,CI
O21100,2026-07-14,charlesstevens@example.net,19.57,FI
O21101,2026-07-13,james00@example.org,759.32,GB
O21102,2026-07-12,hooddonald@example.com,714.7,TD
O21103,2026-07-16,qgutierrez@example.org,423.82,MY
O21104,2026-07-13,hayesashley@example.org,301.29,AM
O21105,2026-07-15,claudiagomez@example.org,437.75,PE
O21106,2026-07-13,moorealisha@example.com,132.5,PG
O21107,2026-07-13,christopher81@example.org,519.9,TL
O21108,2026-07-10,zhenry@example.org,62.95,KP
O21109,2026-07-10,osmith@example.org,410.58,VC
O21110,2026-07-14,ian96@example.com,314.47,MH
O21111,2026-07-16,wesleythomas@example.org,705.82,HR
O21112,2026-07-13,marquezwayne@example.org,742.5,SI
O21113,2026-07-13,whitecynthia@example.com,248.05,QA
O21114,2026-07-16,johnsonkelly@example.net,61.83,EC
O21115,2026-07-12,clarkgeorge@example.net,653.51,JM
O21116,2026-07-14,ealexander@example.com,772.04,LS
O21117,2026-07-11,rodney84@example.com,75.92,HU
O21118,2026-07-10,mrivera@example.org,184.61,AE
O21119,2026-07-13,bjohnson@example.com,140.42,GR
O21120,2026-07-14,zgardner@example.net,680.1,IT
O21121,2026-07-12,acampbell@example.com,160.83,CZ
O21122,2026-07-16,oscar64@example.com,498.81,AD
O21123,2026-07-13,gary47@example.com,356.6,BH
O21124,2026-07-12,daniel07@example.net,238.08,NO
O21125,2026-07-15,qwalker@example.org,218.95,SO
O21126,2026-07-12,eduardomaldonado@example.net,492.68,YE
O21127,2026-07-16,eric83@example.com,164.77,CD
O21128,2026-07-14,markpayne@example.com,513.47,MG
O21129,2026-07-16,daniel27@example.com,104.49,BN
O21130,2026-07-13,unielsen@example.com,621.94,LA
O21131,2026-07-10,nealdavid@example.com,64.56,IT
O21132,2026-07-10,kmejia@example.org,24.49,YE
O21133,2026-07-16,jennifer65@example.net,510.77,GQ
O21134,2026-07-13,dgould@example.com,397.49,KN
O21135,2026-07-11,brownjames@example.org,753.46,BW
O21136,2026-07-15,fduran@example.com,457.77,LY
O21137,2026-07-15,brichard@example.net,765.45,SK
O21138,2026-07-10,yreese@example.net,689.43,NL
O21139,2026-07-10,pwilliams@example.com,340.65,AG
O21140,2026-07-15,brent72@example.org,422.0,FJ
O21141,2026-07-12,richardolson@example.org,358.45,SE
O21142,2026-07-15,ehill@example.org,630.57,PK
O21143,2026-07-15,pateldeanna@example.net,,BH
O21144,2026-07-10,ralphsimpson@example.org,634.18,DM
O21145,2026-07-10,drew25@example.org,555.39,CZ
O21146,2026-07-14,jennifersolomon@example.net,510.94,KR
O21147,2026-07-10,davismiguel@example.com,136.36,RS
O21148,2026-07-10,adamrose@example.com,726.3,BI
O21149,2026-07-11,dianapowell@example.net,289.82,VC
O21150,2026-07-14,yneal@example.org,622.79,TT
O21151,2026-07-16,halljames@example.org,98.58,BA
O21152,2026-07-14,michellemartin@example.net,139.32,TV
O21153,2026-07-15,chenelizabeth@example.net,222.75,NP
O21154,2026-07-16,grahamshawn@example.com,475.07,JM
O21155,2026-07-10,chad92@example.org,602.53,SY
O21156,2026-07-13,jerry22@example.net,725.71,ST
O21157,2026-07-12,faulknerlisa@example.net,328.97,TO
O21158,2026-07-10,hestermichael@example.net,520.69,HT
O21159,2026-07-15,brittanymueller@example.com,696.51,BW
O21160,2026-07-12,frankneal@example.net,626.31,BF
O21161,2026-07-12,jeremy18@example.net,581.95,GN
O21162,2026-07-13,ebarr@example.com,618.71,IQ
O21163,2026-07-13,robinarnold@example.org,218.46,BN
O21164,2026-07-14,joseph10@example.net,691.81,BR
O21165,2026-07-12,walkersandra@example.com,83.08,BA
O21166,2026-07-12,smithkathy@example.com,387.35,CR
O21167,2026-07-14,smurphy@example.com,636.15,PL
O21168,2026-07-10,twinters@example.org,621.69,MR
O21169,2026-07-10,mary28@example.org,619.24,RS
O21170,2026-07-16,deannawhite@example.net,307.58,SC
O21171,2026-07-11,madelinebyrd@example.com,351.4,AO
O21172,2026-07-13,michael66@example.net,741.12,ES
O21173,2026-07-13,hallbrandon@example.net,140.78,IE
O21174,2026-07-11,danielwilliams@example.com,347.54,LV
O21175,2026-07-10,bsingleton@example.net,272.89,LS
O21176,2026-07-16,pierceeric@example.net,719.65,ID
O21177,2026-07-15,walterhoffman@example.org,413.99,GD
O21178,2026-07-16,dustinrodriguez@example.com,738.57,BE
O21179,2026-07-10,donovandarryl@example.net,697.88,AM
O21180,2026-07-16,voliver@example.com,753.9,CL
O21181,2026-07-10,lharrison@example.org,619.2,BO
O21182,2026-07-13,allenmichael@example.com,110.25,CL
O21183,2026-07-12,kfranklin@example.com,38.0,PK
O21184,2026-07-13,jonathan76@example.org,770.66,WS
O21185,2026-07-12,judy76@example.org,423.53,BS
O21186,2026-07-11,armstrongkristen@example.com,451.13,TO
O21187,2026-07-14,stephenskathy@example.com,455.62,HR
O21188,2026-07-15,jeff23@example.org,679.41,FI
O21189,2026-07-10,krausejason@example.org,87.3,NR
O21190,2026-07-16,salastravis@example.org,222.18,SA
O21191,2026-07-14,michaelbrown@example.com,682.25,MY
O21192,2026-07-16,pmorton@example.com,309.23,EG
O21193,2026-07-12,aliciadavies@example.org,653.5,ET
O21194,2026-07-13,sfrye@example.org,435.24,YE
O21195,2026-07-11,rojasbethany@example.com,376.03,SD
O21196,2026-07-12,xunderwood@example.org,359.98,CA
O21197,2026-07-12,combsshawn@example.com,179.59,KP
O21198,2026-07-11,bowersmark@example.net,732.19,BH
O21199,2026-07-11,christina34@example.org,172.15,LV
